agbsb,"col  Downs",129.9200,21
agbsb,"col  Acros",72.6900,21
agbsb,"vel Velocity Alerts (Downslope)",60.3100,7
agbsb,"vel Velocity Alerts (Across Slope)",65.1250,7
agbsb,"dis Displacement (Downslope)",278.3750,145
agbsb,"dis Displacement (Across Slope)",254.4200,145
agbsb,"col  Downs",129.9200,21
agbsb,"col  Acros",72.6900,21
agbsb,"vel Velocity Alerts (Downslope)",60.3100,7
agbsb,"vel Velocity Alerts (Across Slope)",65.1250,7
agbsb,"dis Displacement (Downslope)",278.3750,145
agbsb,"dis Displacement (Across Slope)",254.4200,145
agbta,"col  Downs",119.9350,13
agbta,"col  Acros",78.2900,13
agbta,"vel Velocity Alerts (Downslope)",63.7100,3
agbta,"vel Velocity Alerts (Across Slope)",50.5050,3
agbta,"dis Displacement (Downslope)",201.7700,145
agbta,"dis Displacement (Across Slope)",212.4700,145
agbta,"col  Downs",119.9350,13
agbta,"col  Acros",78.2900,13
agbta,"vel Velocity Alerts (Downslope)",63.7100,3
agbta,"vel Velocity Alerts (Across Slope)",50.5050,3
agbta,"dis Displacement (Downslope)",201.7700,145
agbta,"dis Displacement (Across Slope)",212.4700,145
bakta,"col  Downs",138.4150,21
bakta,"col  Acros",90.9050,21
bakta,"vel Velocity Alerts (Downslope)",77.6700,7
bakta,"vel Velocity Alerts (Across Slope)",61.7800,7
bakta,"dis Displacement (Downslope)",332.8950,145
bakta,"dis Displacement (Across Slope)",324.8800,145
bakta,"col  Downs",138.4150,21
bakta,"col  Acros",90.9050,21
bakta,"vel Velocity Alerts (Downslope)",77.6700,7
bakta,"vel Velocity Alerts (Across Slope)",61.7800,7
bakta,"dis Displacement (Downslope)",332.8950,145
bakta,"dis Displacement (Across Slope)",324.8800,145
baktb,"col  Downs",135.1600,28
baktb,"col  Acros",109.0650,28
baktb,"vel Velocity Alerts (Downslope)",78.7600,7
baktb,"vel Velocity Alerts (Across Slope)",74.9500,7
baktb,"dis Displacement (Downslope)",362.3500,145
baktb,"dis Displacement (Across Slope)",435.0500,145
baktb,"col  Downs",135.1600,28
baktb,"col  Acros",109.0650,28
baktb,"vel Velocity Alerts (Downslope)",78.7600,7
baktb,"vel Velocity Alerts (Across Slope)",74.9500,7
baktb,"dis Displacement (Downslope)",362.3500,145
baktb,"dis Displacement (Across Slope)",435.0500,145
baktc,"col  Downs",160.5850,28
baktc,"col  Acros",107.4750,28
baktc,"vel Velocity Alerts (Downslope)",88.8200,7
baktc,"vel Velocity Alerts (Across Slope)",65.1100,7
baktc,"dis Displacement (Downslope)",348.0000,145
baktc,"dis Displacement (Across Slope)",388.1650,145
baktc,"col  Downs",160.5850,28
baktc,"col  Acros",107.4750,28
baktc,"vel Velocity Alerts (Downslope)",88.8200,7
baktc,"vel Velocity Alerts (Across Slope)",65.1100,7
baktc,"dis Displacement (Downslope)",348.0000,145
baktc,"dis Displacement (Across Slope)",388.1650,145
banta,"col  Downs",113.9700,15
banta,"col  Acros",87.7300,15
banta,"vel Velocity Alerts (Downslope)",50.0650,7
banta,"vel Velocity Alerts (Across Slope)",42.4050,7
banta,"dis Displacement (Downslope)",277.4400,145
banta,"dis Displacement (Across Slope)",199.1300,145
banta,"col  Downs",113.9700,15
banta,"col  Acros",87.7300,15
banta,"vel Velocity Alerts (Downslope)",50.0650,7
banta,"vel Velocity Alerts (Across Slope)",42.4050,7
banta,"dis Displacement (Downslope)",277.4400,145
banta,"dis Displacement (Across Slope)",199.1300,145
bantb,"col  Downs",117.2050,15
bantb,"col  Acros",79.8100,15
bantb,"vel Velocity Alerts (Downslope)",48.1000,7
bantb,"vel Velocity Alerts (Across Slope)",43.1900,7
bantb,"dis Displacement (Downslope)",227.3950,145
bantb,"dis Displacement (Across Slope)",215.9450,145
bantb,"col  Downs",117.2050,15
bantb,"col  Acros",79.8100,15
bantb,"vel Velocity Alerts (Downslope)",48.1000,7
bantb,"vel Velocity Alerts (Across Slope)",43.1900,7
bantb,"dis Displacement (Downslope)",227.3950,145
bantb,"dis Displacement (Across Slope)",215.9450,145
barsc,"col  Downs",113.8600,16
barsc,"col  Acros",75.7900,16
barsc,"vel Velocity Alerts (Downslope)",48.9050,7
barsc,"vel Velocity Alerts (Across Slope)",45.5850,7
barsc,"dis Displacement (Downslope)",218.6450,145
barsc,"dis Displacement (Across Slope)",198.3750,145
barsc,"col  Downs",113.8600,16
barsc,"col  Acros",75.7900,16
barsc,"vel Velocity Alerts (Downslope)",48.9050,7
barsc,"vel Velocity Alerts (Across Slope)",45.5850,7
barsc,"dis Displacement (Downslope)",218.6450,145
barsc,"dis Displacement (Across Slope)",198.3750,145
barta,"col  Downs",139.1850,16
barta,"col  Acros",86.8050,16
barta,"vel Velocity Alerts (Downslope)",48.5000,7
barta,"vel Velocity Alerts (Across Slope)",42.6000,7
barta,"dis Displacement (Downslope)",232.9000,145
barta,"dis Displacement (Across Slope)",220.7750,145
barta,"col  Downs",139.1850,16
barta,"col  Acros",86.8050,16
barta,"vel Velocity Alerts (Downslope)",48.5000,7
barta,"vel Velocity Alerts (Across Slope)",42.6000,7
barta,"dis Displacement (Downslope)",232.9000,145
barta,"dis Displacement (Across Slope)",220.7750,145
bartb,"col  Downs",121.3300,16
bartb,"col  Acros",71.6850,16
bartb,"vel Velocity Alerts (Downslope)",47.6950,7
bartb,"vel Velocity Alerts (Across Slope)",48.8950,7
bartb,"dis Displacement (Downslope)",219.9200,145
bartb,"dis Displacement (Across Slope)",217.7450,145
bartb,"col  Downs",121.3300,16
bartb,"col  Acros",71.6850,16
bartb,"vel Velocity Alerts (Downslope)",47.6950,7
bartb,"vel Velocity Alerts (Across Slope)",48.8950,7
bartb,"dis Displacement (Downslope)",219.9200,145
bartb,"dis Displacement (Across Slope)",217.7450,145
baysb,"col  Downs",117.7500,21
baysb,"col  Acros",80.1150,21
baysb,"vel Velocity Alerts (Downslope)",57.7650,7
baysb,"vel Velocity Alerts (Across Slope)",56.3300,7
baysb,"dis Displacement (Downslope)",277.1250,145
baysb,"dis Displacement (Across Slope)",266.7350,145
baysb,"col  Downs",117.7500,21
baysb,"col  Acros",80.1150,21
baysb,"vel Velocity Alerts (Downslope)",57.7650,7
baysb,"vel Velocity Alerts (Across Slope)",56.3300,7
baysb,"dis Displacement (Downslope)",277.1250,145
baysb,"dis Displacement (Across Slope)",266.7350,145
bayta,"col  Downs",113.9900,16
bayta,"col  Acros",79.2650,16
bayta,"vel Velocity Alerts (Downslope)",60.0500,7
bayta,"vel Velocity Alerts (Across Slope)",41.9500,7
bayta,"dis Displacement (Downslope)",220.8400,145
bayta,"dis Displacement (Across Slope)",202.3850,145
bayta,"col  Downs",113.9900,16
bayta,"col  Acros",79.2650,16
bayta,"vel Velocity Alerts (Downslope)",60.0500,7
bayta,"vel Velocity Alerts (Across Slope)",41.9500,7
bayta,"dis Displacement (Downslope)",220.8400,145
bayta,"dis Displacement (Across Slope)",202.3850,145
baytc,"col  Downs",109.2650,14
baytc,"col  Acros",62.6950,14
baytc,"vel Velocity Alerts (Downslope)",60.7700,7
baytc,"vel Velocity Alerts (Across Slope)",49.9200,7
baytc,"dis Displacement (Downslope)",209.1100,145
baytc,"dis Displacement (Across Slope)",168.7200,145
baytc,"col  Downs",109.2650,14
baytc,"col  Acros",62.6950,14
baytc,"vel Velocity Alerts (Downslope)",60.7700,7
baytc,"vel Velocity Alerts (Across Slope)",49.9200,7
baytc,"dis Displacement (Downslope)",209.1100,145
baytc,"dis Displacement (Across Slope)",168.7200,145
blcb,"col  Downs",158.3500,20
blcb,"col  Acros",87.0600,20
blcb,"vel Velocity Alerts (Downslope)",67.4900,7
blcb,"vel Velocity Alerts (Across Slope)",57.0400,7
blcb,"dis Displacement (Downslope)",307.7900,145
blcb,"dis Displacement (Across Slope)",338.3650,145
blcb,"col  Downs",158.3500,20
blcb,"col  Acros",87.0600,20
blcb,"vel Velocity Alerts (Downslope)",67.4900,7
blcb,"vel Velocity Alerts (Across Slope)",57.0400,7
blcb,"dis Displacement (Downslope)",307.7900,145
blcb,"dis Displacement (Across Slope)",338.3650,145
blcsa,"col  Downs",183.5900,28
blcsa,"col  Acros",136.2750,28
blcsa,"vel Velocity Alerts (Downslope)",260.7450,7
blcsa,"vel Velocity Alerts (Across Slope)",122.0100,7
blcsa,"dis Displacement (Downslope)",768.7000,145
blcsa,"dis Displacement (Across Slope)",515.5650,145
blcsa,"col  Downs",183.5900,28
blcsa,"col  Acros",136.2750,28
blcsa,"vel Velocity Alerts (Downslope)",260.7450,7
blcsa,"vel Velocity Alerts (Across Slope)",122.0100,7
blcsa,"dis Displacement (Downslope)",768.7000,145
blcsa,"dis Displacement (Across Slope)",515.5650,145
blcsb,"col  Downs",186.7100,21
blcsb,"col  Acros",110.4500,21
blcsb,"vel Velocity Alerts (Downslope)",100.3500,7
blcsb,"vel Velocity Alerts (Across Slope)",111.9550,7
blcsb,"dis Displacement (Downslope)",470.3950,145
blcsb,"dis Displacement (Across Slope)",480.5500,145
blcsb,"col  Downs",186.7100,21
blcsb,"col  Acros",110.4500,21
blcsb,"vel Velocity Alerts (Downslope)",100.3500,7
blcsb,"vel Velocity Alerts (Across Slope)",111.9550,7
blcsb,"dis Displacement (Downslope)",470.3950,145
blcsb,"dis Displacement (Across Slope)",480.5500,145
blct,"col  Downs",189.0450,25
blct,"col  Acros",127.2050,25
blct,"vel Velocity Alerts (Downslope)",142.4750,7
blct,"vel Velocity Alerts (Across Slope)",115.7800,7
blct,"dis Displacement (Downslope)",588.5800,145
blct,"dis Displacement (Across Slope)",517.0500,145
blct,"col  Downs",189.0450,25
blct,"col  Acros",127.2050,25
blct,"vel Velocity Alerts (Downslope)",142.4750,7
blct,"vel Velocity Alerts (Across Slope)",115.7800,7
blct,"dis Displacement (Downslope)",588.5800,145
blct,"dis Displacement (Across Slope)",517.0500,145
blcta,"col  Downs",206.1500,31
blcta,"col  Acros",187.3900,31
blcta,"vel Velocity Alerts (Downslope)",173.9950,7
blcta,"vel Velocity Alerts (Across Slope)",130.5700,7
blcta,"dis Displacement (Downslope)",668.6750,145
blcta,"dis Displacement (Across Slope)",644.0500,145
blcta,"col  Downs",206.1500,31
blcta,"col  Acros",187.3900,31
blcta,"vel Velocity Alerts (Downslope)",173.9950,7
blcta,"vel Velocity Alerts (Across Slope)",130.5700,7
blcta,"dis Displacement (Downslope)",668.6750,145
blcta,"dis Displacement (Across Slope)",644.0500,145
bolb,"col  Downs",202.7400,31
bolb,"col  Acros",146.9000,31
bolb,"vel Velocity Alerts (Downslope)",192.7850,7
bolb,"vel Velocity Alerts (Across Slope)",173.0950,7
bolb,"dis Displacement (Downslope)",708.6100,145
bolb,"dis Displacement (Across Slope)",597.4200,145
bolb,"col  Downs",202.7400,31
bolb,"col  Acros",146.9000,31
bolb,"vel Velocity Alerts (Downslope)",192.7850,7
bolb,"vel Velocity Alerts (Across Slope)",173.0950,7
bolb,"dis Displacement (Downslope)",708.6100,145
bolb,"dis Displacement (Across Slope)",597.4200,145
btota,"col  Downs",138.8550,16
btota,"col  Acros",84.1300,16
btota,"vel Velocity Alerts (Downslope)",61.2400,7
btota,"vel Velocity Alerts (Across Slope)",50.4750,7
btota,"dis Displacement (Downslope)",244.6000,145
btota,"dis Displacement (Across Slope)",305.0050,145
btota,"col  Downs",138.8550,16
btota,"col  Acros",84.1300,16
btota,"vel Velocity Alerts (Downslope)",61.2400,7
btota,"vel Velocity Alerts (Across Slope)",50.4750,7
btota,"dis Displacement (Downslope)",244.6000,145
btota,"dis Displacement (Across Slope)",305.0050,145
btotb,"col  Downs",223.8750,16
btotb,"col  Acros",128.9350,16
btotb,"vel Velocity Alerts (Downslope)",96.7700,7
btotb,"vel Velocity Alerts (Across Slope)",91.2350,7
btotb,"dis Displacement (Downslope)",428.3000,145
btotb,"dis Displacement (Across Slope)",464.7650,145
btotb,"col  Downs",223.8750,16
btotb,"col  Acros",128.9350,16
btotb,"vel Velocity Alerts (Downslope)",96.7700,7
btotb,"vel Velocity Alerts (Across Slope)",91.2350,7
btotb,"dis Displacement (Downslope)",428.3000,145
btotb,"dis Displacement (Across Slope)",464.7650,145
carsb,"col  Downs",162.3750,14
carsb,"col  Acros",160.1950,14
carsb,"vel Velocity Alerts (Downslope)",77.7750,7
carsb,"vel Velocity Alerts (Across Slope)",70.2700,7
carsb,"dis Displacement (Downslope)",326.9250,145
carsb,"dis Displacement (Across Slope)",419.1250,145
carsb,"col  Downs",162.3750,14
carsb,"col  Acros",160.1950,14
carsb,"vel Velocity Alerts (Downslope)",77.7750,7
carsb,"vel Velocity Alerts (Across Slope)",70.2700,7
carsb,"dis Displacement (Downslope)",326.9250,145
carsb,"dis Displacement (Across Slope)",419.1250,145
carta,"col  Downs",346.6700,21
carta,"col  Acros",137.5450,21
carta,"vel Velocity Alerts (Downslope)",123.6600,7
carta,"vel Velocity Alerts (Across Slope)",148.1600,7
carta,"dis Displacement (Downslope)",648.7650,145
carta,"dis Displacement (Across Slope)",476.8400,145
carta,"col  Downs",346.6700,21
carta,"col  Acros",137.5450,21
carta,"vel Velocity Alerts (Downslope)",123.6600,7
carta,"vel Velocity Alerts (Across Slope)",148.1600,7
carta,"dis Displacement (Downslope)",648.7650,145
carta,"dis Displacement (Across Slope)",476.8400,145
cudta,"col  Downs",237.2500,18
cudta,"col  Acros",113.5950,18
cudta,"vel Velocity Alerts (Downslope)",92.5000,7
cudta,"vel Velocity Alerts (Across Slope)",102.4600,7
cudta,"dis Displacement (Downslope)",464.3950,145
cudta,"dis Displacement (Across Slope)",403.4900,145
cudta,"col  Downs",237.2500,18
cudta,"col  Acros",113.5950,18
cudta,"vel Velocity Alerts (Downslope)",92.5000,7
cudta,"vel Velocity Alerts (Across Slope)",102.4600,7
cudta,"dis Displacement (Downslope)",464.3950,145
cudta,"dis Displacement (Across Slope)",403.4900,145
cudtb,"col  Downs",119.3850,18
cudtb,"col  Acros",76.1050,18
cudtb,"vel Velocity Alerts (Downslope)",56.3550,7
cudtb,"vel Velocity Alerts (Across Slope)",44.4600,7
cudtb,"dis Displacement (Downslope)",254.7400,145
cudtb,"dis Displacement (Across Slope)",222.1250,145
cudtb,"col  Downs",119.3850,18
cudtb,"col  Acros",76.1050,18
cudtb,"vel Velocity Alerts (Downslope)",56.3550,7
cudtb,"vel Velocity Alerts (Across Slope)",44.4600,7
cudtb,"dis Displacement (Downslope)",254.7400,145
cudtb,"dis Displacement (Across Slope)",222.1250,145
dadta,"col  Downs",154.1450,21
dadta,"col  Acros",100.0050,21
dadta,"vel Velocity Alerts (Downslope)",70.6900,7
dadta,"vel Velocity Alerts (Across Slope)",72.5400,7
dadta,"dis Displacement (Downslope)",400.1500,145
dadta,"dis Displacement (Across Slope)",275.7100,145
dadta,"col  Downs",154.1450,21
dadta,"col  Acros",100.0050,21
dadta,"vel Velocity Alerts (Downslope)",70.6900,7
dadta,"vel Velocity Alerts (Across Slope)",72.5400,7
dadta,"dis Displacement (Downslope)",400.1500,145
dadta,"dis Displacement (Across Slope)",275.7100,145
dadtb,"col  Downs",144.0150,25
dadtb,"col  Acros",102.0850,25
dadtb,"vel Velocity Alerts (Downslope)",69.8900,7
dadtb,"vel Velocity Alerts (Across Slope)",63.9050,7
dadtb,"dis Displacement (Downslope)",416.3400,145
dadtb,"dis Displacement (Across Slope)",390.2850,145
dadtb,"col  Downs",144.0150,25
dadtb,"col  Acros",102.0850,25
dadtb,"vel Velocity Alerts (Downslope)",69.8900,7
dadtb,"vel Velocity Alerts (Across Slope)",63.9050,7
dadtb,"dis Displacement (Downslope)",416.3400,145
dadtb,"dis Displacement (Across Slope)",390.2850,145
gaasa,"col  Downs",179.4700,16
gaasa,"col  Acros",144.2100,16
gaasa,"vel Velocity Alerts (Downslope)",108.8000,7
gaasa,"vel Velocity Alerts (Across Slope)",77.9400,7
gaasa,"dis Displacement (Downslope)",408.6050,145
gaasa,"dis Displacement (Across Slope)",1202.2250,145
gaasa,"col  Downs",179.4700,16
gaasa,"col  Acros",144.2100,16
gaasa,"vel Velocity Alerts (Downslope)",108.8000,7
gaasa,"vel Velocity Alerts (Across Slope)",77.9400,7
gaasa,"dis Displacement (Downslope)",408.6050,145
gaasa,"dis Displacement (Across Slope)",1202.2250,145
gaasb,"col  Downs",141.8850,16
gaasb,"col  Acros",84.0050,16
gaasb,"vel Velocity Alerts (Downslope)",62.6700,7
gaasb,"vel Velocity Alerts (Across Slope)",66.7750,7
gaasb,"dis Displacement (Downslope)",249.6350,145
gaasb,"dis Displacement (Across Slope)",195.1400,145
gaasb,"col  Downs",141.8850,16
gaasb,"col  Acros",84.0050,16
gaasb,"vel Velocity Alerts (Downslope)",62.6700,7
gaasb,"vel Velocity Alerts (Across Slope)",66.7750,7
gaasb,"dis Displacement (Downslope)",249.6350,145
gaasb,"dis Displacement (Across Slope)",195.1400,145
gamb,"col  Downs",186.8950,18
gamb,"col  Acros",131.9250,18
gamb,"vel Velocity Alerts (Downslope)",87.7500,7
gamb,"vel Velocity Alerts (Across Slope)",73.0250,7
gamb,"dis Displacement (Downslope)",896.0550,145
gamb,"dis Displacement (Across Slope)",562.6600,145
gamb,"col  Downs",186.8950,18
gamb,"col  Acros",131.9250,18
gamb,"vel Velocity Alerts (Downslope)",87.7500,7
gamb,"vel Velocity Alerts (Across Slope)",73.0250,7
gamb,"dis Displacement (Downslope)",896.0550,145
gamb,"dis Displacement (Across Slope)",562.6600,145
gamt,"col  Downs",122.2400,18
gamt,"col  Acros",85.2850,18
gamt,"vel Velocity Alerts (Downslope)",59.5950,7
gamt,"vel Velocity Alerts (Across Slope)",49.2100,7
gamt,"dis Displacement (Downslope)",289.0500,145
gamt,"dis Displacement (Across Slope)",302.5050,145
gamt,"col  Downs",122.2400,18
gamt,"col  Acros",85.2850,18
gamt,"vel Velocity Alerts (Downslope)",59.5950,7
gamt,"vel Velocity Alerts (Across Slope)",49.2100,7
gamt,"dis Displacement (Downslope)",289.0500,145
gamt,"dis Displacement (Across Slope)",302.5050,145
hinsa,"col  Downs",141.2300,16
hinsa,"col  Acros",77.8000,16
hinsa,"vel Velocity Alerts (Downslope)",52.3100,7
hinsa,"vel Velocity Alerts (Across Slope)",46.7000,7
hinsa,"dis Displacement (Downslope)",564.4750,145
hinsa,"dis Displacement (Across Slope)",572.4700,145
hinsa,"col  Downs",141.2300,16
hinsa,"col  Acros",77.8000,16
hinsa,"vel Velocity Alerts (Downslope)",52.3100,7
hinsa,"vel Velocity Alerts (Across Slope)",46.7000,7
hinsa,"dis Displacement (Downslope)",564.4750,145
hinsa,"dis Displacement (Across Slope)",572.4700,145
hinsb,"col  Downs",117.7600,13
hinsb,"col  Acros",76.7050,13
hinsb,"vel Velocity Alerts (Downslope)",47.3150,7
hinsb,"vel Velocity Alerts (Across Slope)",42.6050,7
hinsb,"dis Displacement (Downslope)",196.7550,145
hinsb,"dis Displacement (Across Slope)",223.0100,145
hinsb,"col  Downs",117.7600,13
hinsb,"col  Acros",76.7050,13
hinsb,"vel Velocity Alerts (Downslope)",47.3150,7
hinsb,"vel Velocity Alerts (Across Slope)",42.6050,7
hinsb,"dis Displacement (Downslope)",196.7550,145
hinsb,"dis Displacement (Across Slope)",223.0100,145
humb,"col  Downs",153.4050,27
humb,"col  Acros",86.7200,27
humb,"vel Velocity Alerts (Downslope)",99.3150,7
humb,"vel Velocity Alerts (Across Slope)",87.0450,7
humb,"dis Displacement (Downslope)",340.5750,145
humb,"dis Displacement (Across Slope)",381.3200,145
humb,"col  Downs",153.4050,27
humb,"col  Acros",86.7200,27
humb,"vel Velocity Alerts (Downslope)",99.3150,7
humb,"vel Velocity Alerts (Across Slope)",87.0450,7
humb,"dis Displacement (Downslope)",340.5750,145
humb,"dis Displacement (Across Slope)",381.3200,145
humt,"col  Downs",226.0650,23
humt,"col  Acros",134.8950,23
humt,"vel Velocity Alerts (Downslope)",106.7400,7
humt,"vel Velocity Alerts (Across Slope)",102.6200,7
humt,"dis Displacement (Downslope)",817.4200,145
humt,"dis Displacement (Across Slope)",453.6550,145
humt,"col  Downs",226.0650,23
humt,"col  Acros",134.8950,23
humt,"vel Velocity Alerts (Downslope)",106.7400,7
humt,"vel Velocity Alerts (Across Slope)",102.6200,7
humt,"dis Displacement (Downslope)",817.4200,145
humt,"dis Displacement (Across Slope)",453.6550,145
imesb,"col  Downs",176.4200,21
imesb,"col  Acros",125.1150,21
imesb,"vel Velocity Alerts (Downslope)",77.4950,7
imesb,"vel Velocity Alerts (Across Slope)",71.1250,7
imesb,"dis Displacement (Downslope)",443.4450,145
imesb,"dis Displacement (Across Slope)",467.6300,145
imesb,"col  Downs",176.4200,21
imesb,"col  Acros",125.1150,21
imesb,"vel Velocity Alerts (Downslope)",77.4950,7
imesb,"vel Velocity Alerts (Across Slope)",71.1250,7
imesb,"dis Displacement (Downslope)",443.4450,145
imesb,"dis Displacement (Across Slope)",467.6300,145
imeta,"col  Downs",178.6150,13
imeta,"col  Acros",99.2200,13
imeta,"vel Velocity Alerts (Downslope)",83.5200,7
imeta,"vel Velocity Alerts (Across Slope)",47.3850,7
imeta,"dis Displacement (Downslope)",201.9800,145
imeta,"dis Displacement (Across Slope)",237.9100,145
imeta,"col  Downs",178.6150,13
imeta,"col  Acros",99.2200,13
imeta,"vel Velocity Alerts (Downslope)",83.5200,7
imeta,"vel Velocity Alerts (Across Slope)",47.3850,7
imeta,"dis Displacement (Downslope)",201.9800,145
imeta,"dis Displacement (Across Slope)",237.9100,145
imusc,"col  Downs",314.5750,16
imusc,"col  Acros",178.9050,16
imusc,"vel Velocity Alerts (Downslope)",152.6800,7
imusc,"vel Velocity Alerts (Across Slope)",82.1750,7
imusc,"dis Displacement (Downslope)",498.8650,145
imusc,"dis Displacement (Across Slope)",439.6400,145
imusc,"col  Downs",314.5750,16
imusc,"col  Acros",178.9050,16
imusc,"vel Velocity Alerts (Downslope)",152.6800,7
imusc,"vel Velocity Alerts (Across Slope)",82.1750,7
imusc,"dis Displacement (Downslope)",498.8650,145
imusc,"dis Displacement (Across Slope)",439.6400,145
imuta,"col  Downs",144.7000,26
imuta,"col  Acros",113.1850,26
imuta,"vel Velocity Alerts (Downslope)",90.5450,7
imuta,"vel Velocity Alerts (Across Slope)",72.3700,7
imuta,"dis Displacement (Downslope)",384.2800,145
imuta,"dis Displacement (Across Slope)",519.3050,145
imuta,"col  Downs",144.7000,26
imuta,"col  Acros",113.1850,26
imuta,"vel Velocity Alerts (Downslope)",90.5450,7
imuta,"vel Velocity Alerts (Across Slope)",72.3700,7
imuta,"dis Displacement (Downslope)",384.2800,145
imuta,"dis Displacement (Across Slope)",519.3050,145
imutb,"col  Downs",135.6250,26
imutb,"col  Acros",109.7150,26
imutb,"vel Velocity Alerts (Downslope)",85.2150,7
imutb,"vel Velocity Alerts (Across Slope)",67.8600,7
imutb,"dis Displacement (Downslope)",306.1750,145
imutb,"dis Displacement (Across Slope)",335.1650,145
imutb,"col  Downs",135.6250,26
imutb,"col  Acros",109.7150,26
imutb,"vel Velocity Alerts (Downslope)",85.2150,7
imutb,"vel Velocity Alerts (Across Slope)",67.8600,7
imutb,"dis Displacement (Downslope)",306.1750,145
imutb,"dis Displacement (Across Slope)",335.1650,145
inata,"col  Downs",286.8700,19
inata,"col  Acros",200.8750,19
inata,"vel Velocity Alerts (Downslope)",170.4600,7
inata,"vel Velocity Alerts (Across Slope)",246.2800,7
inata,"dis Displacement (Downslope)",715.9400,145
inata,"dis Displacement (Across Slope)",1092.3000,145
inata,"col  Downs",286.8700,19
inata,"col  Acros",200.8750,19
inata,"vel Velocity Alerts (Downslope)",170.4600,7
inata,"vel Velocity Alerts (Across Slope)",246.2800,7
inata,"dis Displacement (Downslope)",715.9400,145
inata,"dis Displacement (Across Slope)",1092.3000,145
inatb,"col  Downs",143.9200,16
inatb,"col  Acros",83.8100,16
inatb,"vel Velocity Alerts (Downslope)",75.2900,7
inatb,"vel Velocity Alerts (Across Slope)",104.1250,7
inatb,"dis Displacement (Downslope)",380.2250,145
inatb,"dis Displacement (Across Slope)",464.0400,145
inatb,"col  Downs",143.9200,16
inatb,"col  Acros",83.8100,16
inatb,"vel Velocity Alerts (Downslope)",75.2900,7
inatb,"vel Velocity Alerts (Across Slope)",104.1250,7
inatb,"dis Displacement (Downslope)",380.2250,145
inatb,"dis Displacement (Across Slope)",464.0400,145
inatc,"col  Downs",133.4600,15
inatc,"col  Acros",84.7850,15
inatc,"vel Velocity Alerts (Downslope)",61.1450,7
inatc,"vel Velocity Alerts (Across Slope)",53.7550,7
inatc,"dis Displacement (Downslope)",254.9100,145
inatc,"dis Displacement (Across Slope)",267.3750,145
inatc,"col  Downs",133.4600,15
inatc,"col  Acros",84.7850,15
inatc,"vel Velocity Alerts (Downslope)",61.1450,7
inatc,"vel Velocity Alerts (Across Slope)",53.7550,7
inatc,"dis Displacement (Downslope)",254.9100,145
inatc,"dis Displacement (Across Slope)",267.3750,145
jorta,"col  Downs",140.6600,25
jorta,"col  Acros",102.1800,25
jorta,"vel Velocity Alerts (Downslope)",65.0900,7
jorta,"vel Velocity Alerts (Across Slope)",58.4700,7
jorta,"dis Displacement (Downslope)",316.1500,145
jorta,"dis Displacement (Across Slope)",344.0000,145
jorta,"col  Downs",140.6600,25
jorta,"col  Acros",102.1800,25
jorta,"vel Velocity Alerts (Downslope)",65.0900,7
jorta,"vel Velocity Alerts (Across Slope)",58.4700,7
jorta,"dis Displacement (Downslope)",316.1500,145
jorta,"dis Displacement (Across Slope)",344.0000,145
labb,"col  Downs",171.9100,26
labb,"col  Acros",143.6300,26
labb,"vel Velocity Alerts (Downslope)",102.5850,7
labb,"vel Velocity Alerts (Across Slope)",93.7500,7
labb,"dis Displacement (Downslope)",428.9400,145
labb,"dis Displacement (Across Slope)",525.9700,145
labb,"col  Downs",171.9100,26
labb,"col  Acros",143.6300,26
labb,"vel Velocity Alerts (Downslope)",102.5850,7
labb,"vel Velocity Alerts (Across Slope)",93.7500,7
labb,"dis Displacement (Downslope)",428.9400,145
labb,"dis Displacement (Across Slope)",525.9700,145
labt,"col  Downs",313.3250,40
labt,"col  Acros",173.3650,40
labt,"vel Velocity Alerts (Downslope)",245.9550,7
labt,"vel Velocity Alerts (Across Slope)",262.9000,7
labt,"dis Displacement (Downslope)",1108.9950,145
labt,"dis Displacement (Across Slope)",1151.3750,145
labt,"col  Downs",313.3250,40
labt,"col  Acros",173.3650,40
labt,"vel Velocity Alerts (Downslope)",245.9550,7
labt,"vel Velocity Alerts (Across Slope)",262.9000,7
labt,"dis Displacement (Downslope)",1108.9950,145
labt,"dis Displacement (Across Slope)",1151.3750,145
laysa,"col  Downs",180.1550,11
laysa,"col  Acros",168.7950,11
laysa,"vel Velocity Alerts (Downslope)",169.9000,7
laysa,"vel Velocity Alerts (Across Slope)",114.9400,7
laysa,"dis Displacement (Downslope)",735.2600,145
laysa,"dis Displacement (Across Slope)",498.8850,145
laysa,"col  Downs",180.1550,11
laysa,"col  Acros",168.7950,11
laysa,"vel Velocity Alerts (Downslope)",169.9000,7
laysa,"vel Velocity Alerts (Across Slope)",114.9400,7
laysa,"dis Displacement (Downslope)",735.2600,145
laysa,"dis Displacement (Across Slope)",498.8850,145
laysb,"col  Downs",182.0450,11
laysb,"col  Acros",78.7700,11
laysb,"vel Velocity Alerts (Downslope)",72.0300,7
laysb,"vel Velocity Alerts (Across Slope)",69.9650,7
laysb,"dis Displacement (Downslope)",240.5750,145
laysb,"dis Displacement (Across Slope)",159.6550,145
laysb,"col  Downs",182.0450,11
laysb,"col  Acros",78.7700,11
laysb,"vel Velocity Alerts (Downslope)",72.0300,7
laysb,"vel Velocity Alerts (Across Slope)",69.9650,7
laysb,"dis Displacement (Downslope)",240.5750,145
laysb,"dis Displacement (Across Slope)",159.6550,145
lipb,"col  Downs",338.3050,31
lipb,"col  Acros",298.4850,31
lipb,"vel Velocity Alerts (Downslope)",236.2200,7
lipb,"vel Velocity Alerts (Across Slope)",313.6150,7
lipb,"dis Displacement (Downslope)",3687.4050,145
lipb,"dis Displacement (Across Slope)",2785.2550,145
lipb,"col  Downs",338.3050,31
lipb,"col  Acros",298.4850,31
lipb,"vel Velocity Alerts (Downslope)",236.2200,7
lipb,"vel Velocity Alerts (Across Slope)",313.6150,7
lipb,"dis Displacement (Downslope)",3687.4050,145
lipb,"dis Displacement (Across Slope)",2785.2550,145
lipt,"col  Downs",505.5550,30
lipt,"col  Acros",428.2600,30
lipt,"vel Velocity Alerts (Downslope)",326.3100,7
lipt,"vel Velocity Alerts (Across Slope)",190.0550,7
lipt,"dis Displacement (Downslope)",3090.1750,145
lipt,"dis Displacement (Across Slope)",931.6550,145
lipt,"col  Downs",505.5550,30
lipt,"col  Acros",428.2600,30
lipt,"vel Velocity Alerts (Downslope)",326.3100,7
lipt,"vel Velocity Alerts (Across Slope)",190.0550,7
lipt,"dis Displacement (Downslope)",3090.1750,145
lipt,"dis Displacement (Across Slope)",931.6550,145
loota,"col  Downs",153.1900,24
loota,"col  Acros",102.4250,24
loota,"vel Velocity Alerts (Downslope)",84.3150,7
loota,"vel Velocity Alerts (Across Slope)",75.2050,7
loota,"dis Displacement (Downslope)",381.3950,145
loota,"dis Displacement (Across Slope)",436.5550,145
loota,"col  Downs",153.1900,24
loota,"col  Acros",102.4250,24
loota,"vel Velocity Alerts (Downslope)",84.3150,7
loota,"vel Velocity Alerts (Across Slope)",75.2050,7
loota,"dis Displacement (Downslope)",381.3950,145
loota,"dis Displacement (Across Slope)",436.5550,145
lootb,"col  Downs",138.3250,31
lootb,"col  Acros",108.9200,31
lootb,"vel Velocity Alerts (Downslope)",116.1250,7
lootb,"vel Velocity Alerts (Across Slope)",83.5900,7
lootb,"dis Displacement (Downslope)",419.5300,145
lootb,"dis Displacement (Across Slope)",522.2850,145
lootb,"col  Downs",138.3250,31
lootb,"col  Acros",108.9200,31
lootb,"vel Velocity Alerts (Downslope)",116.1250,7
lootb,"vel Velocity Alerts (Across Slope)",83.5900,7
lootb,"dis Displacement (Downslope)",419.5300,145
lootb,"dis Displacement (Across Slope)",522.2850,145
lpasa,"col  Downs",129.7450,16
lpasa,"col  Acros",82.8100,16
lpasa,"vel Velocity Alerts (Downslope)",58.8650,7
lpasa,"vel Velocity Alerts (Across Slope)",66.7850,7
lpasa,"dis Displacement (Downslope)",254.1450,145
lpasa,"dis Displacement (Across Slope)",228.7150,145
lpasa,"col  Downs",129.7450,16
lpasa,"col  Acros",82.8100,16
lpasa,"vel Velocity Alerts (Downslope)",58.8650,7
lpasa,"vel Velocity Alerts (Across Slope)",66.7850,7
lpasa,"dis Displacement (Downslope)",254.1450,145
lpasa,"dis Displacement (Across Slope)",228.7150,145
lpasb,"col  Downs",131.4150,17
lpasb,"col  Acros",97.9050,17
lpasb,"vel Velocity Alerts (Downslope)",74.0400,7
lpasb,"vel Velocity Alerts (Across Slope)",49.8750,7
lpasb,"dis Displacement (Downslope)",279.9600,145
lpasb,"dis Displacement (Across Slope)",332.0250,145
lpasb,"col  Downs",131.4150,17
lpasb,"col  Acros",97.9050,17
lpasb,"vel Velocity Alerts (Downslope)",74.0400,7
lpasb,"vel Velocity Alerts (Across Slope)",49.8750,7
lpasb,"dis Displacement (Downslope)",279.9600,145
lpasb,"dis Displacement (Across Slope)",332.0250,145
ltesa,"col  Downs",197.2050,15
ltesa,"col  Acros",153.0750,15
ltesa,"vel Velocity Alerts (Downslope)",65.2050,7
ltesa,"vel Velocity Alerts (Across Slope)",55.7350,7
ltesa,"dis Displacement (Downslope)",415.9500,145
ltesa,"dis Displacement (Across Slope)",457.3250,145
ltesa,"col  Downs",197.2050,15
ltesa,"col  Acros",153.0750,15
ltesa,"vel Velocity Alerts (Downslope)",65.2050,7
ltesa,"vel Velocity Alerts (Across Slope)",55.7350,7
ltesa,"dis Displacement (Downslope)",415.9500,145
ltesa,"dis Displacement (Across Slope)",457.3250,145
ltetb,"col  Downs",135.3950,15
ltetb,"col  Acros",81.3300,15
ltetb,"vel Velocity Alerts (Downslope)",65.2450,7
ltetb,"vel Velocity Alerts (Across Slope)",51.5150,7
ltetb,"dis Displacement (Downslope)",233.0250,145
ltetb,"dis Displacement (Across Slope)",240.2400,145
ltetb,"col  Downs",135.3950,15
ltetb,"col  Acros",81.3300,15
ltetb,"vel Velocity Alerts (Downslope)",65.2450,7
ltetb,"vel Velocity Alerts (Across Slope)",51.5150,7
ltetb,"dis Displacement (Downslope)",233.0250,145
ltetb,"dis Displacement (Across Slope)",240.2400,145
luntb,"col  Downs",143.4300,21
luntb,"col  Acros",86.6950,21
luntb,"vel Velocity Alerts (Downslope)",80.5100,7
luntb,"vel Velocity Alerts (Across Slope)",66.3700,7
luntb,"dis Displacement (Downslope)",285.5850,145
luntb,"dis Displacement (Across Slope)",292.4750,145
luntb,"col  Downs",143.4300,21
luntb,"col  Acros",86.6950,21
luntb,"vel Velocity Alerts (Downslope)",80.5100,7
luntb,"vel Velocity Alerts (Across Slope)",66.3700,7
luntb,"dis Displacement (Downslope)",285.5850,145
luntb,"dis Displacement (Across Slope)",292.4750,145
luntc,"col  Downs",142.2350,21
luntc,"col  Acros",90.1000,21
luntc,"vel Velocity Alerts (Downslope)",71.5750,7
luntc,"vel Velocity Alerts (Across Slope)",63.0200,7
luntc,"dis Displacement (Downslope)",320.8150,145
luntc,"dis Displacement (Across Slope)",309.5450,145
luntc,"col  Downs",142.2350,21
luntc,"col  Acros",90.1000,21
luntc,"vel Velocity Alerts (Downslope)",71.5750,7
luntc,"vel Velocity Alerts (Across Slope)",63.0200,7
luntc,"dis Displacement (Downslope)",320.8150,145
luntc,"dis Displacement (Across Slope)",309.5450,145
magta,"col  Downs",165.9100,26
magta,"col  Acros",108.4350,26
magta,"vel Velocity Alerts (Downslope)",90.0700,7
magta,"vel Velocity Alerts (Across Slope)",81.1400,7
magta,"dis Displacement (Downslope)",334.2350,145
magta,"dis Displacement (Across Slope)",424.0850,145
magta,"col  Downs",165.9100,26
magta,"col  Acros",108.4350,26
magta,"vel Velocity Alerts (Downslope)",90.0700,7
magta,"vel Velocity Alerts (Across Slope)",81.1400,7
magta,"dis Displacement (Downslope)",334.2350,145
magta,"dis Displacement (Across Slope)",424.0850,145
magtb,"col  Downs",144.3500,24
magtb,"col  Acros",93.4000,24
magtb,"vel Velocity Alerts (Downslope)",86.8900,7
magtb,"vel Velocity Alerts (Across Slope)",68.4000,7
magtb,"dis Displacement (Downslope)",352.4200,145
magtb,"dis Displacement (Across Slope)",354.3850,145
magtb,"col  Downs",144.3500,24
magtb,"col  Acros",93.4000,24
magtb,"vel Velocity Alerts (Downslope)",86.8900,7
magtb,"vel Velocity Alerts (Across Slope)",68.4000,7
magtb,"dis Displacement (Downslope)",352.4200,145
magtb,"dis Displacement (Across Slope)",354.3850,145
magtc,"col  Downs",176.6350,22
magtc,"col  Acros",92.6200,22
magtc,"vel Velocity Alerts (Downslope)",87.0550,7
magtc,"vel Velocity Alerts (Across Slope)",63.1150,7
magtc,"dis Displacement (Downslope)",343.7400,145
magtc,"dis Displacement (Across Slope)",350.2650,145
magtc,"col  Downs",176.6350,22
magtc,"col  Acros",92.6200,22
magtc,"vel Velocity Alerts (Downslope)",87.0550,7
magtc,"vel Velocity Alerts (Across Slope)",63.1150,7
magtc,"dis Displacement (Downslope)",343.7400,145
magtc,"dis Displacement (Across Slope)",350.2650,145
magtd,"col  Downs",141.0600,20
magtd,"col  Acros",94.4350,20
magtd,"vel Velocity Alerts (Downslope)",69.9000,7
magtd,"vel Velocity Alerts (Across Slope)",64.5900,7
magtd,"dis Displacement (Downslope)",317.8250,145
magtd,"dis Displacement (Across Slope)",301.7200,145
magtd,"col  Downs",141.0600,20
magtd,"col  Acros",94.4350,20
magtd,"vel Velocity Alerts (Downslope)",69.9000,7
magtd,"vel Velocity Alerts (Across Slope)",64.5900,7
magtd,"dis Displacement (Downslope)",317.8250,145
magtd,"dis Displacement (Across Slope)",301.7200,145
mamb,"col  Downs",172.2350,30
mamb,"col  Acros",124.1650,30
mamb,"vel Velocity Alerts (Downslope)",89.4500,7
mamb,"vel Velocity Alerts (Across Slope)",80.3200,7
mamb,"dis Displacement (Downslope)",497.6950,145
mamb,"dis Displacement (Across Slope)",726.5000,145
mamb,"col  Downs",172.2350,30
mamb,"col  Acros",124.1650,30
mamb,"vel Velocity Alerts (Downslope)",89.4500,7
mamb,"vel Velocity Alerts (Across Slope)",80.3200,7
mamb,"dis Displacement (Downslope)",497.6950,145
mamb,"dis Displacement (Across Slope)",726.5000,145
mamt,"col  Downs",165.6450,25
mamt,"col  Acros",105.9550,25
mamt,"vel Velocity Alerts (Downslope)",95.4200,7
mamt,"vel Velocity Alerts (Across Slope)",75.2800,7
mamt,"dis Displacement (Downslope)",356.3200,145
mamt,"dis Displacement (Across Slope)",358.4050,145
mamt,"col  Downs",165.6450,25
mamt,"col  Acros",105.9550,25
mamt,"vel Velocity Alerts (Downslope)",95.4200,7
mamt,"vel Velocity Alerts (Across Slope)",75.2800,7
mamt,"dis Displacement (Downslope)",356.3200,145
mamt,"dis Displacement (Across Slope)",358.4050,145
mamta,"col  Downs",168.7350,30
mamta,"col  Acros",120.0500,30
mamta,"vel Velocity Alerts (Downslope)",95.9750,7
mamta,"vel Velocity Alerts (Across Slope)",79.5050,7
mamta,"dis Displacement (Downslope)",409.7400,145
mamta,"dis Displacement (Across Slope)",529.6350,145
mamta,"col  Downs",168.7350,30
mamta,"col  Acros",120.0500,30
mamta,"vel Velocity Alerts (Downslope)",95.9750,7
mamta,"vel Velocity Alerts (Across Slope)",79.5050,7
mamta,"dis Displacement (Downslope)",409.7400,145
mamta,"dis Displacement (Across Slope)",529.6350,145
mamtb,"col  Downs",152.7550,28
mamtb,"col  Acros",118.7100,28
mamtb,"vel Velocity Alerts (Downslope)",116.2900,7
mamtb,"vel Velocity Alerts (Across Slope)",102.0850,7
mamtb,"dis Displacement (Downslope)",427.5800,145
mamtb,"dis Displacement (Across Slope)",556.7000,145
mamtb,"col  Downs",152.7550,28
mamtb,"col  Acros",118.7100,28
mamtb,"vel Velocity Alerts (Downslope)",116.2900,7
mamtb,"vel Velocity Alerts (Across Slope)",102.0850,7
mamtb,"dis Displacement (Downslope)",427.5800,145
mamtb,"dis Displacement (Across Slope)",556.7000,145
marta,"col  Downs",142.8400,21
marta,"col  Acros",102.8700,21
marta,"vel Velocity Alerts (Downslope)",86.6100,7
marta,"vel Velocity Alerts (Across Slope)",67.3000,7
marta,"dis Displacement (Downslope)",328.1050,145
marta,"dis Displacement (Across Slope)",314.8000,145
marta,"col  Downs",142.8400,21
marta,"col  Acros",102.8700,21
marta,"vel Velocity Alerts (Downslope)",86.6100,7
marta,"vel Velocity Alerts (Across Slope)",67.3000,7
marta,"dis Displacement (Downslope)",328.1050,145
marta,"dis Displacement (Across Slope)",314.8000,145
martb,"col  Downs",153.6300,21
martb,"col  Acros",92.3000,21
martb,"vel Velocity Alerts (Downslope)",156.2100,7
martb,"vel Velocity Alerts (Across Slope)",77.8100,7
martb,"dis Displacement (Downslope)",411.0900,145
martb,"dis Displacement (Across Slope)",409.9400,145
martb,"col  Downs",153.6300,21
martb,"col  Acros",92.3000,21
martb,"vel Velocity Alerts (Downslope)",156.2100,7
martb,"vel Velocity Alerts (Across Slope)",77.8100,7
martb,"dis Displacement (Downslope)",411.0900,145
martb,"dis Displacement (Across Slope)",409.9400,145
mcasb,"col  Downs",135.0000,21
mcasb,"col  Acros",96.4350,21
mcasb,"vel Velocity Alerts (Downslope)",65.8200,7
mcasb,"vel Velocity Alerts (Across Slope)",63.1350,7
mcasb,"dis Displacement (Downslope)",302.1550,145
mcasb,"dis Displacement (Across Slope)",301.7450,145
mcasb,"col  Downs",135.0000,21
mcasb,"col  Acros",96.4350,21
mcasb,"vel Velocity Alerts (Downslope)",65.8200,7
mcasb,"vel Velocity Alerts (Across Slope)",63.1350,7
mcasb,"dis Displacement (Downslope)",302.1550,145
mcasb,"dis Displacement (Across Slope)",301.7450,145
mcata,"col  Downs",157.3200,21
mcata,"col  Acros",102.7350,21
mcata,"vel Velocity Alerts (Downslope)",116.4750,5
mcata,"vel Velocity Alerts (Across Slope)",71.9950,5
mcata,"dis Displacement (Downslope)",403.3800,145
mcata,"dis Displacement (Across Slope)",485.9350,145
mcata,"col  Downs",157.3200,21
mcata,"col  Acros",102.7350,21
mcata,"vel Velocity Alerts (Downslope)",116.4750,5
mcata,"vel Velocity Alerts (Across Slope)",71.9950,5
mcata,"dis Displacement (Downslope)",403.3800,145
mcata,"dis Displacement (Across Slope)",485.9350,145
mngsa,"col  Downs",132.8300,19
mngsa,"col  Acros",97.8250,19
mngsa,"vel Velocity Alerts (Downslope)",61.5650,7
mngsa,"vel Velocity Alerts (Across Slope)",55.7800,7
mngsa,"dis Displacement (Downslope)",273.4500,145
mngsa,"dis Displacement (Across Slope)",266.2300,145
mngsa,"col  Downs",132.8300,19
mngsa,"col  Acros",97.8250,19
mngsa,"vel Velocity Alerts (Downslope)",61.5650,7
mngsa,"vel Velocity Alerts (Across Slope)",55.7800,7
mngsa,"dis Displacement (Downslope)",273.4500,145
mngsa,"dis Displacement (Across Slope)",266.2300,145
mngtb,"col  Downs",156.9150,18
mngtb,"col  Acros",99.1200,18
mngtb,"vel Velocity Alerts (Downslope)",65.8300,7
mngtb,"vel Velocity Alerts (Across Slope)",60.0450,7
mngtb,"dis Displacement (Downslope)",390.6300,145
mngtb,"dis Displacement (Across Slope)",398.5000,145
mngtb,"col  Downs",156.9150,18
mngtb,"col  Acros",99.1200,18
mngtb,"vel Velocity Alerts (Downslope)",65.8300,7
mngtb,"vel Velocity Alerts (Across Slope)",60.0450,7
mngtb,"dis Displacement (Downslope)",390.6300,145
mngtb,"dis Displacement (Across Slope)",398.5000,145
mslta,"col  Downs",114.3900,16
mslta,"col  Acros",86.3750,16
mslta,"vel Velocity Alerts (Downslope)",56.2700,7
mslta,"vel Velocity Alerts (Across Slope)",96.2050,7
mslta,"dis Displacement (Downslope)",265.7550,145
mslta,"dis Displacement (Across Slope)",291.8350,145
mslta,"col  Downs",114.3900,16
mslta,"col  Acros",86.3750,16
mslta,"vel Velocity Alerts (Downslope)",56.2700,7
mslta,"vel Velocity Alerts (Across Slope)",96.2050,7
mslta,"dis Displacement (Downslope)",265.7550,145
mslta,"dis Displacement (Across Slope)",291.8350,145
msuta,"col  Downs",152.0650,14
msuta,"col  Acros",93.1400,14
msuta,"vel Velocity Alerts (Downslope)",58.4500,7
msuta,"vel Velocity Alerts (Across Slope)",42.1800,7
msuta,"dis Displacement (Downslope)",216.9000,145
msuta,"dis Displacement (Across Slope)",216.0500,145
msuta,"col  Downs",152.0650,14
msuta,"col  Acros",93.1400,14
msuta,"vel Velocity Alerts (Downslope)",58.4500,7
msuta,"vel Velocity Alerts (Across Slope)",42.1800,7
msuta,"dis Displacement (Downslope)",216.9000,145
msuta,"dis Displacement (Across Slope)",216.0500,145
nagsa,"col  Downs",123.8500,21
nagsa,"col  Acros",89.1150,21
nagsa,"vel Velocity Alerts (Downslope)",60.1850,7
nagsa,"vel Velocity Alerts (Across Slope)",57.3850,7
nagsa,"dis Displacement (Downslope)",291.1950,145
nagsa,"dis Displacement (Across Slope)",292.7250,145
nagsa,"col  Downs",123.8500,21
nagsa,"col  Acros",89.1150,21
nagsa,"vel Velocity Alerts (Downslope)",60.1850,7
nagsa,"vel Velocity Alerts (Across Slope)",57.3850,7
nagsa,"dis Displacement (Downslope)",291.1950,145
nagsa,"dis Displacement (Across Slope)",292.7250,145
nagtb,"col  Downs",138.1700,31
nagtb,"col  Acros",108.3250,31
nagtb,"vel Velocity Alerts (Downslope)",99.2700,2
nagtb,"vel Velocity Alerts (Across Slope)",78.1250,2
nagtb,"dis Displacement (Downslope)",396.7250,145
nagtb,"dis Displacement (Across Slope)",431.7300,145
nagtb,"col  Downs",138.1700,31
nagtb,"col  Acros",108.3250,31
nagtb,"vel Velocity Alerts (Downslope)",99.2700,2
nagtb,"vel Velocity Alerts (Across Slope)",78.1250,2
nagtb,"dis Displacement (Downslope)",396.7250,145
nagtb,"dis Displacement (Across Slope)",431.7300,145
nurta,"col  Downs",140.9500,31
nurta,"col  Acros",98.1750,31
nurta,"vel Velocity Alerts (Downslope)",82.2300,7
nurta,"vel Velocity Alerts (Across Slope)",68.6350,7
nurta,"dis Displacement (Downslope)",372.3000,145
nurta,"dis Displacement (Across Slope)",434.7650,145
nurta,"col  Downs",140.9500,31
nurta,"col  Acros",98.1750,31
nurta,"vel Velocity Alerts (Downslope)",82.2300,7
nurta,"vel Velocity Alerts (Across Slope)",68.6350,7
nurta,"dis Displacement (Downslope)",372.3000,145
nurta,"dis Displacement (Across Slope)",434.7650,145
nurtb,"col  Downs",128.9500,25
nurtb,"col  Acros",103.4950,25
nurtb,"vel Velocity Alerts (Downslope)",72.9100,7
nurtb,"vel Velocity Alerts (Across Slope)",75.1100,7
nurtb,"dis Displacement (Downslope)",309.7950,145
nurtb,"dis Displacement (Across Slope)",335.0000,145
nurtb,"col  Downs",128.9500,25
nurtb,"col  Acros",103.4950,25
nurtb,"vel Velocity Alerts (Downslope)",72.9100,7
nurtb,"vel Velocity Alerts (Across Slope)",75.1100,7
nurtb,"dis Displacement (Downslope)",309.7950,145
nurtb,"dis Displacement (Across Slope)",335.0000,145
oslb,"col  Downs",141.9150,24
oslb,"col  Acros",98.4050,24
oslb,"vel Velocity Alerts (Downslope)",70.2700,7
oslb,"vel Velocity Alerts (Across Slope)",70.5400,7
oslb,"dis Displacement (Downslope)",311.2450,145
oslb,"dis Displacement (Across Slope)",313.5900,145
oslb,"col  Downs",141.9150,24
oslb,"col  Acros",98.4050,24
oslb,"vel Velocity Alerts (Downslope)",70.2700,7
oslb,"vel Velocity Alerts (Across Slope)",70.5400,7
oslb,"dis Displacement (Downslope)",311.2450,145
oslb,"dis Displacement (Across Slope)",313.5900,145
oslsc,"col  Downs",146.9300,26
oslsc,"col  Acros",95.5050,26
oslsc,"vel Velocity Alerts (Downslope)",67.9000,7
oslsc,"vel Velocity Alerts (Across Slope)",64.5200,7
oslsc,"dis Displacement (Downslope)",323.3850,145
oslsc,"dis Displacement (Across Slope)",330.4100,145
oslsc,"col  Downs",146.9300,26
oslsc,"col  Acros",95.5050,26
oslsc,"vel Velocity Alerts (Downslope)",67.9000,7
oslsc,"vel Velocity Alerts (Across Slope)",64.5200,7
oslsc,"dis Displacement (Downslope)",323.3850,145
oslsc,"dis Displacement (Across Slope)",330.4100,145
oslt,"col  Downs",144.9050,22
oslt,"col  Acros",91.5950,22
oslt,"vel Velocity Alerts (Downslope)",69.4950,7
oslt,"vel Velocity Alerts (Across Slope)",70.1950,7
oslt,"dis Displacement (Downslope)",286.3000,145
oslt,"dis Displacement (Across Slope)",299.9700,145
oslt,"col  Downs",144.9050,22
oslt,"col  Acros",91.5950,22
oslt,"vel Velocity Alerts (Downslope)",69.4950,7
oslt,"vel Velocity Alerts (Across Slope)",70.1950,7
oslt,"dis Displacement (Downslope)",286.3000,145
oslt,"dis Displacement (Across Slope)",299.9700,145
parta,"col  Downs",153.4800,32
parta,"col  Acros",108.8300,32
parta,"vel Velocity Alerts (Downslope)",97.1200,7
parta,"vel Velocity Alerts (Across Slope)",89.0300,7
parta,"dis Displacement (Downslope)",439.1800,145
parta,"dis Displacement (Across Slope)",516.9700,145
parta,"col  Downs",153.4800,32
parta,"col  Acros",108.8300,32
parta,"vel Velocity Alerts (Downslope)",97.1200,7
parta,"vel Velocity Alerts (Across Slope)",89.0300,7
parta,"dis Displacement (Downslope)",439.1800,145
parta,"dis Displacement (Across Slope)",516.9700,145
partb,"col  Downs",135.9250,21
partb,"col  Acros",96.8250,21
partb,"vel Velocity Alerts (Downslope)",71.1250,7
partb,"vel Velocity Alerts (Across Slope)",59.7050,7
partb,"dis Displacement (Downslope)",284.0650,145
partb,"dis Displacement (Across Slope)",279.4000,145
partb,"col  Downs",135.9250,21
partb,"col  Acros",96.8250,21
partb,"vel Velocity Alerts (Downslope)",71.1250,7
partb,"vel Velocity Alerts (Across Slope)",59.7050,7
partb,"dis Displacement (Downslope)",284.0650,145
partb,"dis Displacement (Across Slope)",279.4000,145
pepsb,"col  Downs",134.6400,17
pepsb,"col  Acros",78.8550,17
pepsb,"vel Velocity Alerts (Downslope)",61.6950,7
pepsb,"vel Velocity Alerts (Across Slope)",48.4950,7
pepsb,"dis Displacement (Downslope)",254.7050,145
pepsb,"dis Displacement (Across Slope)",236.7450,145
pepsb,"col  Downs",134.6400,17
pepsb,"col  Acros",78.8550,17
pepsb,"vel Velocity Alerts (Downslope)",61.6950,7
pepsb,"vel Velocity Alerts (Across Slope)",48.4950,7
pepsb,"dis Displacement (Downslope)",254.7050,145
pepsb,"dis Displacement (Across Slope)",236.7450,145
pepta,"col  Downs",117.7950,13
pepta,"col  Acros",72.3600,13
pepta,"vel Velocity Alerts (Downslope)",52.8000,7
pepta,"vel Velocity Alerts (Across Slope)",43.1850,7
pepta,"dis Displacement (Downslope)",185.7650,145
pepta,"dis Displacement (Across Slope)",195.5300,145
pepta,"col  Downs",117.7950,13
pepta,"col  Acros",72.3600,13
pepta,"vel Velocity Alerts (Downslope)",52.8000,7
pepta,"vel Velocity Alerts (Across Slope)",43.1850,7
pepta,"dis Displacement (Downslope)",185.7650,145
pepta,"dis Displacement (Across Slope)",195.5300,145
peptc,"col  Downs",119.3750,14
peptc,"col  Acros",78.4450,14
peptc,"vel Velocity Alerts (Downslope)",63.2600,7
peptc,"vel Velocity Alerts (Across Slope)",46.7100,7
peptc,"dis Displacement (Downslope)",220.0350,145
peptc,"dis Displacement (Across Slope)",241.7800,145
peptc,"col  Downs",119.3750,14
peptc,"col  Acros",78.4450,14
peptc,"vel Velocity Alerts (Downslope)",63.2600,7
peptc,"vel Velocity Alerts (Across Slope)",46.7100,7
peptc,"dis Displacement (Downslope)",220.0350,145
peptc,"dis Displacement (Across Slope)",241.7800,145
pinta,"col  Downs",124.2150,16
pinta,"col  Acros",83.5100,16
pinta,"vel Velocity Alerts (Downslope)",61.7800,7
pinta,"vel Velocity Alerts (Across Slope)",51.3200,7
pinta,"dis Displacement (Downslope)",226.2500,145
pinta,"dis Displacement (Across Slope)",242.8000,145
pinta,"col  Downs",124.2150,16
pinta,"col  Acros",83.5100,16
pinta,"vel Velocity Alerts (Downslope)",61.7800,7
pinta,"vel Velocity Alerts (Across Slope)",51.3200,7
pinta,"dis Displacement (Downslope)",226.2500,145
pinta,"dis Displacement (Across Slope)",242.8000,145
plab,"col  Downs",158.7800,41
plab,"col  Acros",110.8850,41
plab,"vel Velocity Alerts (Downslope)",131.0200,7
plab,"vel Velocity Alerts (Across Slope)",120.5100,7
plab,"dis Displacement (Downslope)",485.7100,145
plab,"dis Displacement (Across Slope)",686.0200,145
plab,"col  Downs",158.7800,41
plab,"col  Acros",110.8850,41
plab,"vel Velocity Alerts (Downslope)",131.0200,7
plab,"vel Velocity Alerts (Across Slope)",120.5100,7
plab,"dis Displacement (Downslope)",485.7100,145
plab,"dis Displacement (Across Slope)",686.0200,145
plat,"col  Downs",197.4700,40
plat,"col  Acros",129.9200,40
plat,"vel Velocity Alerts (Downslope)",110.6950,7
plat,"vel Velocity Alerts (Across Slope)",97.4850,7
plat,"dis Displacement (Downslope)",642.0900,145
plat,"dis Displacement (Across Slope)",670.7400,145
plat,"col  Downs",197.4700,40
plat,"col  Acros",129.9200,40
plat,"vel Velocity Alerts (Downslope)",110.6950,7
plat,"vel Velocity Alerts (Across Slope)",97.4850,7
plat,"dis Displacement (Downslope)",642.0900,145
plat,"dis Displacement (Across Slope)",670.7400,145
pngta,"col  Downs",129.8150,25
pngta,"col  Acros",112.0750,25
pngta,"vel Velocity Alerts (Downslope)",74.0950,7
pngta,"vel Velocity Alerts (Across Slope)",71.1050,7
pngta,"dis Displacement (Downslope)",340.6400,145
pngta,"dis Displacement (Across Slope)",376.9450,145
pngta,"col  Downs",129.8150,25
pngta,"col  Acros",112.0750,25
pngta,"vel Velocity Alerts (Downslope)",74.0950,7
pngta,"vel Velocity Alerts (Across Slope)",71.1050,7
pngta,"dis Displacement (Downslope)",340.6400,145
pngta,"dis Displacement (Across Slope)",376.9450,145
pngtb,"col  Downs",151.9900,30
pngtb,"col  Acros",104.3650,30
pngtb,"vel Velocity Alerts (Downslope)",92.4150,7
pngtb,"vel Velocity Alerts (Across Slope)",72.6900,7
pngtb,"dis Displacement (Downslope)",401.0900,145
pngtb,"dis Displacement (Across Slope)",441.4700,145
pngtb,"col  Downs",151.9900,30
pngtb,"col  Acros",104.3650,30
pngtb,"vel Velocity Alerts (Downslope)",92.4150,7
pngtb,"vel Velocity Alerts (Across Slope)",72.6900,7
pngtb,"dis Displacement (Downslope)",401.0900,145
pngtb,"dis Displacement (Across Slope)",441.4700,145
pngtc,"col  Downs",130.3000,20
pngtc,"col  Acros",84.3950,20
pngtc,"vel Velocity Alerts (Downslope)",78.0250,7
pngtc,"vel Velocity Alerts (Across Slope)",64.0950,7
pngtc,"dis Displacement (Downslope)",278.8250,145
pngtc,"dis Displacement (Across Slope)",267.2350,145
pngtc,"col  Downs",130.3000,20
pngtc,"col  Acros",84.3950,20
pngtc,"vel Velocity Alerts (Downslope)",78.0250,7
pngtc,"vel Velocity Alerts (Across Slope)",64.0950,7
pngtc,"dis Displacement (Downslope)",278.8250,145
pngtc,"dis Displacement (Across Slope)",267.2350,145
pugb,"col  Downs",155.0950,11
pugb,"col  Acros",81.6200,11
pugb,"vel Velocity Alerts (Downslope)",44.9650,7
pugb,"vel Velocity Alerts (Across Slope)",41.7800,7
pugb,"dis Displacement (Downslope)",178.0050,145
pugb,"dis Displacement (Across Slope)",165.0200,145
pugb,"col  Downs",155.0950,11
pugb,"col  Acros",81.6200,11
pugb,"vel Velocity Alerts (Downslope)",44.9650,7
pugb,"vel Velocity Alerts (Across Slope)",41.7800,7
pugb,"dis Displacement (Downslope)",178.0050,145
pugb,"dis Displacement (Across Slope)",165.0200,145
pugt,"col  Downs",124.0800,15
pugt,"col  Acros",84.2250,15
pugt,"vel Velocity Alerts (Downslope)",57.6450,7
pugt,"vel Velocity Alerts (Across Slope)",46.7700,7
pugt,"dis Displacement (Downslope)",222.4500,145
pugt,"dis Displacement (Across Slope)",223.2300,145
pugt,"col  Downs",124.0800,15
pugt,"col  Acros",84.2250,15
pugt,"vel Velocity Alerts (Downslope)",57.6450,7
pugt,"vel Velocity Alerts (Across Slope)",46.7700,7
pugt,"dis Displacement (Downslope)",222.4500,145
pugt,"dis Displacement (Across Slope)",223.2300,145
sagta,"col  Downs",155.9350,20
sagta,"col  Acros",97.4800,20
sagta,"vel Velocity Alerts (Downslope)",60.1350,7
sagta,"vel Velocity Alerts (Across Slope)",61.1700,7
sagta,"dis Displacement (Downslope)",308.7100,145
sagta,"dis Displacement (Across Slope)",311.6800,145
sagta,"col  Downs",155.9350,20
sagta,"col  Acros",97.4800,20
sagta,"vel Velocity Alerts (Downslope)",60.1350,7
sagta,"vel Velocity Alerts (Across Slope)",61.1700,7
sagta,"dis Displacement (Downslope)",308.7100,145
sagta,"dis Displacement (Across Slope)",311.6800,145
sagtb,"col  Downs",146.3550,21
sagtb,"col  Acros",98.2000,21
sagtb,"vel Velocity Alerts (Downslope)",66.2200,7
sagtb,"vel Velocity Alerts (Across Slope)",61.0450,7
sagtb,"dis Displacement (Downslope)",296.5700,145
sagtb,"dis Displacement (Across Slope)",331.6000,145
sagtb,"col  Downs",146.3550,21
sagtb,"col  Acros",98.2000,21
sagtb,"vel Velocity Alerts (Downslope)",66.2200,7
sagtb,"vel Velocity Alerts (Across Slope)",61.0450,7
sagtb,"dis Displacement (Downslope)",296.5700,145
sagtb,"dis Displacement (Across Slope)",331.6000,145
sibta,"col  Downs",152.0550,11
sibta,"col  Acros",73.8650,11
sibta,"vel Velocity Alerts (Downslope)",45.6000,7
sibta,"vel Velocity Alerts (Across Slope)",43.7800,7
sibta,"dis Displacement (Downslope)",220.0900,145
sibta,"dis Displacement (Across Slope)",314.3050,145
sibta,"col  Downs",152.0550,11
sibta,"col  Acros",73.8650,11
sibta,"vel Velocity Alerts (Downslope)",45.6000,7
sibta,"vel Velocity Alerts (Across Slope)",43.7800,7
sibta,"dis Displacement (Downslope)",220.0900,145
sibta,"dis Displacement (Across Slope)",314.3050,145
sibtb,"col  Downs",112.3550,11
sibtb,"col  Acros",72.0350,11
sibtb,"vel Velocity Alerts (Downslope)",43.8300,7
sibtb,"vel Velocity Alerts (Across Slope)",53.4500,7
sibtb,"dis Displacement (Downslope)",155.3600,145
sibtb,"dis Displacement (Across Slope)",166.8700,145
sibtb,"col  Downs",112.3550,11
sibtb,"col  Acros",72.0350,11
sibtb,"vel Velocity Alerts (Downslope)",43.8300,7
sibtb,"vel Velocity Alerts (Across Slope)",53.4500,7
sibtb,"dis Displacement (Downslope)",155.3600,145
sibtb,"dis Displacement (Across Slope)",166.8700,145
sinb,"col  Downs",230.1750,30
sinb,"col  Acros",210.6900,30
sinb,"vel Velocity Alerts (Downslope)",149.4300,7
sinb,"vel Velocity Alerts (Across Slope)",123.6600,7
sinb,"dis Displacement (Downslope)",748.1150,145
sinb,"dis Displacement (Across Slope)",743.4450,145
sinb,"col  Downs",230.1750,30
sinb,"col  Acros",210.6900,30
sinb,"vel Velocity Alerts (Downslope)",149.4300,7
sinb,"vel Velocity Alerts (Across Slope)",123.6600,7
sinb,"dis Displacement (Downslope)",748.1150,145
sinb,"dis Displacement (Across Slope)",743.4450,145
sinsa,"col  Downs",284.8500,31
sinsa,"col  Acros",260.6900,31
sinsa,"vel Velocity Alerts (Downslope)",254.2250,7
sinsa,"vel Velocity Alerts (Across Slope)",248.8250,7
sinsa,"dis Displacement (Downslope)",1264.5300,145
sinsa,"dis Displacement (Across Slope)",1158.1800,145
sinsa,"col  Downs",284.8500,31
sinsa,"col  Acros",260.6900,31
sinsa,"vel Velocity Alerts (Downslope)",254.2250,7
sinsa,"vel Velocity Alerts (Across Slope)",248.8250,7
sinsa,"dis Displacement (Downslope)",1264.5300,145
sinsa,"dis Displacement (Across Slope)",1158.1800,145
sint,"col  Downs",178.5700,29
sint,"col  Acros",143.5500,29
sint,"vel Velocity Alerts (Downslope)",145.7100,7
sint,"vel Velocity Alerts (Across Slope)",146.6550,7
sint,"dis Displacement (Downslope)",424.8350,145
sint,"dis Displacement (Across Slope)",389.1650,145
sint,"col  Downs",178.5700,29
sint,"col  Acros",143.5500,29
sint,"vel Velocity Alerts (Downslope)",145.7100,7
sint,"vel Velocity Alerts (Across Slope)",146.6550,7
sint,"dis Displacement (Downslope)",424.8350,145
sint,"dis Displacement (Across Slope)",389.1650,145
sintb,"col  Downs",150.1650,26
sintb,"col  Acros",106.8450,26
sintb,"vel Velocity Alerts (Downslope)",84.8700,7
sintb,"vel Velocity Alerts (Across Slope)",71.6300,7
sintb,"dis Displacement (Downslope)",348.5450,145
sintb,"dis Displacement (Across Slope)",411.7050,145
sintb,"col  Downs",150.1650,26
sintb,"col  Acros",106.8450,26
sintb,"vel Velocity Alerts (Downslope)",84.8700,7
sintb,"vel Velocity Alerts (Across Slope)",71.6300,7
sintb,"dis Displacement (Downslope)",348.5450,145
sintb,"dis Displacement (Across Slope)",411.7050,145
sinu,"col  Downs",148.7300,30
sinu,"col  Acros",98.0200,30
sinu,"vel Velocity Alerts (Downslope)",78.5100,7
sinu,"vel Velocity Alerts (Across Slope)",77.7300,7
sinu,"dis Displacement (Downslope)",352.5150,145
sinu,"dis Displacement (Across Slope)",394.9650,145
sinu,"col  Downs",148.7300,30
sinu,"col  Acros",98.0200,30
sinu,"vel Velocity Alerts (Downslope)",78.5100,7
sinu,"vel Velocity Alerts (Across Slope)",77.7300,7
sinu,"dis Displacement (Downslope)",352.5150,145
sinu,"dis Displacement (Across Slope)",394.9650,145
sumta,"col  Downs",174.6950,16
sumta,"col  Acros",97.2600,16
sumta,"vel Velocity Alerts (Downslope)",59.3100,7
sumta,"vel Velocity Alerts (Across Slope)",53.8050,7
sumta,"dis Displacement (Downslope)",297.1100,145
sumta,"dis Displacement (Across Slope)",245.9800,145
sumta,"col  Downs",174.6950,16
sumta,"col  Acros",97.2600,16
sumta,"vel Velocity Alerts (Downslope)",59.3100,7
sumta,"vel Velocity Alerts (Across Slope)",53.8050,7
sumta,"dis Displacement (Downslope)",297.1100,145
sumta,"dis Displacement (Across Slope)",245.9800,145
sumtb,"col  Downs",116.9250,16
sumtb,"col  Acros",76.2800,16
sumtb,"vel Velocity Alerts (Downslope)",50.8000,7
sumtb,"vel Velocity Alerts (Across Slope)",48.9050,7
sumtb,"dis Displacement (Downslope)",211.1350,145
sumtb,"dis Displacement (Across Slope)",210.4900,145
sumtb,"col  Downs",116.9250,16
sumtb,"col  Acros",76.2800,16
sumtb,"vel Velocity Alerts (Downslope)",50.8000,7
sumtb,"vel Velocity Alerts (Across Slope)",48.9050,7
sumtb,"dis Displacement (Downslope)",211.1350,145
sumtb,"dis Displacement (Across Slope)",210.4900,145
talsa,"col  Downs",131.2200,23
talsa,"col  Acros",87.1300,23
talsa,"vel Velocity Alerts (Downslope)",82.0200,7
talsa,"vel Velocity Alerts (Across Slope)",61.4800,7
talsa,"dis Displacement (Downslope)",312.8300,145
talsa,"dis Displacement (Across Slope)",312.2250,145
talsa,"col  Downs",131.2200,23
talsa,"col  Acros",87.1300,23
talsa,"vel Velocity Alerts (Downslope)",82.0200,7
talsa,"vel Velocity Alerts (Across Slope)",61.4800,7
talsa,"dis Displacement (Downslope)",312.8300,145
talsa,"dis Displacement (Across Slope)",312.2250,145
taltb,"col  Downs",221.4750,31
taltb,"col  Acros",105.9000,31
taltb,"vel Velocity Alerts (Downslope)",82.5150,7
taltb,"vel Velocity Alerts (Across Slope)",72.0650,7
taltb,"dis Displacement (Downslope)",491.7100,145
taltb,"dis Displacement (Across Slope)",508.3400,145
taltb,"col  Downs",221.4750,31
taltb,"col  Acros",105.9000,31
taltb,"vel Velocity Alerts (Downslope)",82.5150,7
taltb,"vel Velocity Alerts (Across Slope)",72.0650,7
taltb,"dis Displacement (Downslope)",491.7100,145
taltb,"dis Displacement (Across Slope)",508.3400,145
tgata,"col  Downs",157.7950,31
tgata,"col  Acros",108.7850,31
tgata,"vel Velocity Alerts (Downslope)",93.1800,7
tgata,"vel Velocity Alerts (Across Slope)",86.6900,7
tgata,"dis Displacement (Downslope)",500.6500,145
tgata,"dis Displacement (Across Slope)",752.6000,145
tgata,"col  Downs",157.7950,31
tgata,"col  Acros",108.7850,31
tgata,"vel Velocity Alerts (Downslope)",93.1800,7
tgata,"vel Velocity Alerts (Across Slope)",86.6900,7
tgata,"dis Displacement (Downslope)",500.6500,145
tgata,"dis Displacement (Across Slope)",752.6000,145
tgatb,"col  Downs",133.8150,31
tgatb,"col  Acros",99.6650,31
tgatb,"vel Velocity Alerts (Downslope)",81.4250,7
tgatb,"vel Velocity Alerts (Across Slope)",71.8750,7
tgatb,"dis Displacement (Downslope)",374.9450,145
tgatb,"dis Displacement (Across Slope)",426.8500,145
tgatb,"col  Downs",133.8150,31
tgatb,"col  Acros",99.6650,31
tgatb,"vel Velocity Alerts (Downslope)",81.4250,7
tgatb,"vel Velocity Alerts (Across Slope)",71.8750,7
tgatb,"dis Displacement (Downslope)",374.9450,145
tgatb,"dis Displacement (Across Slope)",426.8500,145
tueta,"col  Downs",143.0450,33
tueta,"col  Acros",99.9600,33
tueta,"vel Velocity Alerts (Downslope)",94.8200,7
tueta,"vel Velocity Alerts (Across Slope)",71.8650,7
tueta,"dis Displacement (Downslope)",400.9000,145
tueta,"dis Displacement (Across Slope)",450.6400,145
tueta,"col  Downs",143.0450,33
tueta,"col  Acros",99.9600,33
tueta,"vel Velocity Alerts (Downslope)",94.8200,7
tueta,"vel Velocity Alerts (Across Slope)",71.8650,7
tueta,"dis Displacement (Downslope)",400.9000,145
tueta,"dis Displacement (Across Slope)",450.6400,145
tuetb,"col  Downs",155.4550,33
tuetb,"col  Acros",117.2100,33
tuetb,"vel Velocity Alerts (Downslope)",91.6000,7
tuetb,"vel Velocity Alerts (Across Slope)",87.4050,7
tuetb,"dis Displacement (Downslope)",387.5950,145
tuetb,"dis Displacement (Across Slope)",485.7000,145
tuetb,"col  Downs",155.4550,33
tuetb,"col  Acros",117.2100,33
tuetb,"vel Velocity Alerts (Downslope)",91.6000,7
tuetb,"vel Velocity Alerts (Across Slope)",87.4050,7
tuetb,"dis Displacement (Downslope)",387.5950,145
tuetb,"dis Displacement (Across Slope)",485.7000,145
umita,"col  Downs",133.4350,21
umita,"col  Acros",87.3250,21
umita,"vel Velocity Alerts (Downslope)",71.1150,7
umita,"vel Velocity Alerts (Across Slope)",51.4200,7
umita,"dis Displacement (Downslope)",256.3650,145
umita,"dis Displacement (Across Slope)",263.0700,145
umita,"col  Downs",133.4350,21
umita,"col  Acros",87.3250,21
umita,"vel Velocity Alerts (Downslope)",71.1150,7
umita,"vel Velocity Alerts (Across Slope)",51.4200,7
umita,"dis Displacement (Downslope)",256.3650,145
umita,"dis Displacement (Across Slope)",263.0700,145
